<?xml version="1.0" encoding="utf-8"?>
<ArrayOfOrder xmlns:xsi="http://www.w3.org/2001/XMLSchema-instance" xmlns:xsd="http://www.w3.org/2001/XMLSchema">
  <Order>
    <OrderID>1000</OrderID>
    <CustomerName>Hadas Zehevi</CustomerName>
    <CustomerEmail>Hadas Zehevi@gmail.com</CustomerEmail>
    <CustomerAdress>Atehena 5 Elad</CustomerAdress>
    <OrderDate>2023-01-08T00:27:57.5760788+02:00</OrderDate>
    <OrderShipDate>2023-01-21T00:27:57.5760788+02:00</OrderShipDate>
    <OrderDeliveryDate>2023-01-23T00:27:57.5760788+02:00</OrderDeliveryDate>
  </Order>
  <Order>
    <OrderID>1001</OrderID>
    <CustomerName>Avigail Cohen</CustomerName>
    <CustomerEmail>Avigail Cohen@gmail.com</CustomerEmail>
    <CustomerAdress>Hashoshana 47 Givataim</CustomerAdress>
    <OrderDate>2023-01-20T00:27:57.5775259+02:00</OrderDate>
    <OrderShipDate>2023-02-01T00:27:57.5775259+02:00</OrderShipDate>
    <OrderDeliveryDate>2023-02-02T00:27:57.5775259+02:00</OrderDeliveryDate>
  </Order>
  <Order>
    <OrderID>1002</OrderID>
    <CustomerName>Avigail Levi</CustomerName>
    <CustomerEmail>Avigail Levi@gmail.com</CustomerEmail>
    <CustomerAdress>Atehena 48 Elad</CustomerAdress>
    <OrderDate>2023-01-21T00:27:57.577532+02:00</OrderDate>
    <OrderShipDate>2023-02-08T00:27:57.577532+02:00</OrderShipDate>
    <OrderDeliveryDate>2023-02-13T00:27:57.577532+02:00</OrderDeliveryDate>
  </Order>
  <Order>
    <OrderID>1003</OrderID>
    <CustomerName>Efrat Avitan</CustomerName>
    <CustomerEmail>Efrat Avitan@gmail.com</CustomerEmail>
    <CustomerAdress>Hashoshana 37 Givataim</CustomerAdress>
    <OrderDate>2023-01-17T00:27:57.5775324+02:00</OrderDate>
    <OrderShipDate>2023-01-29T00:27:57.5775324+02:00</OrderShipDate>
    <OrderDeliveryDate>2023-02-01T00:27:57.5775324+02:00</OrderDeliveryDate>
  </Order>
  <Order>
    <OrderID>1004</OrderID>
    <CustomerName>Ayala Nisani</CustomerName>
    <CustomerEmail>Ayala Nisani@gmail.com</CustomerEmail>
    <CustomerAdress>rabi akiva 9</CustomerAdress>
    <OrderDate>2023-01-19T00:27:57.5775327+02:00</OrderDate>
    <OrderShipDate>2023-02-01T00:27:57.5775327+02:00</OrderShipDate>
    <OrderDeliveryDate>2023-02-05T00:27:57.5775327+02:00</OrderDeliveryDate>
  </Order>
  <Order>
    <OrderID>1005</OrderID>
    <CustomerName>Shira kubin</CustomerName>
    <CustomerEmail>Shira kubin@gmail.com</CustomerEmail>
    <CustomerAdress>hashoshana 4</CustomerAdress>
    <OrderDate>2023-01-18T00:27:57.5775342+02:00</OrderDate>
    <OrderShipDate>2023-02-05T00:27:57.5775342+02:00</OrderShipDate>
    <OrderDeliveryDate>2023-02-10T00:27:57.5775342+02:00</OrderDeliveryDate>
  </Order>
  <Order>
    <OrderID>1006</OrderID>
    <CustomerName>Teheila yahav</CustomerName>
    <CustomerEmail>Teheila yahav@gmail.com</CustomerEmail>
    <CustomerAdress>Atehena 5 Elad</CustomerAdress>
    <OrderDate>2023-01-17T00:27:57.5775344+02:00</OrderDate>
    <OrderShipDate>2023-01-30T00:27:57.5775344+02:00</OrderShipDate>
    <OrderDeliveryDate>2023-01-31T00:27:57.5775344+02:00</OrderDeliveryDate>
  </Order>
  <Order>
    <OrderID>1007</OrderID>
    <CustomerName>Gefen Shalom</CustomerName>
    <CustomerEmail>Gefen Shalom@gmail.com</CustomerEmail>
    <CustomerAdress>Hashoshana 47 Givataim</CustomerAdress>
    <OrderDate>2023-01-21T00:27:57.5775347+02:00</OrderDate>
    <OrderShipDate>2023-02-08T00:27:57.5775347+02:00</OrderShipDate>
    <OrderDeliveryDate>2023-02-09T00:27:57.5775347+02:00</OrderDeliveryDate>
  </Order>
  <Order>
    <OrderID>1008</OrderID>
    <CustomerName>Yair Macluf</CustomerName>
    <CustomerEmail>Yair Macluf@gmail.com</CustomerEmail>
    <CustomerAdress>Atehena 48 Elad</CustomerAdress>
    <OrderDate>2023-01-21T00:27:57.577535+02:00</OrderDate>
    <OrderShipDate>2023-02-02T00:27:57.577535+02:00</OrderShipDate>
    <OrderDeliveryDate>2023-02-11T00:27:57.577535+02:00</OrderDeliveryDate>
  </Order>
  <Order>
    <OrderID>1009</OrderID>
    <CustomerName>Avishag Hazan</CustomerName>
    <CustomerEmail>Avishag Hazan@gmail.com</CustomerEmail>
    <CustomerAdress>karo 6 </CustomerAdress>
    <OrderDate>2023-01-13T00:27:57.5775354+02:00</OrderDate>
    <OrderShipDate>2023-01-28T00:27:57.5775354+02:00</OrderShipDate>
    <OrderDeliveryDate>2023-02-02T00:27:57.5775354+02:00</OrderDeliveryDate>
  </Order>
  <Order>
    <OrderID>1010</OrderID>
    <CustomerName>Mical shooshan</CustomerName>
    <CustomerEmail>Mical shooshan@gmail.com</CustomerEmail>
    <CustomerAdress>Atehena 5 Elad</CustomerAdress>
    <OrderDate>2023-01-17T00:27:57.5775357+02:00</OrderDate>
    <OrderShipDate>2023-02-04T00:27:57.5775357+02:00</OrderShipDate>
    <OrderDeliveryDate xsi:nil="true" />
  </Order>
  <Order>
    <OrderID>1011</OrderID>
    <CustomerName>Nati Segal</CustomerName>
    <CustomerEmail>Nati Segal@gmail.com</CustomerEmail>
    <CustomerAdress>Hashoshana 47 Givataim</CustomerAdress>
    <OrderDate>2023-01-04T00:27:57.577536+02:00</OrderDate>
    <OrderShipDate>2023-01-16T00:27:57.577536+02:00</OrderShipDate>
    <OrderDeliveryDate xsi:nil="true" />
  </Order>
  <Order>
    <OrderID>1012</OrderID>
    <CustomerName>Yahakov Avidan</CustomerName>
    <CustomerEmail>Yahakov Avidan@gmail.com</CustomerEmail>
    <CustomerAdress>Atehena 48 Elad</CustomerAdress>
    <OrderDate>2023-01-10T00:27:57.5775362+02:00</OrderDate>
    <OrderShipDate>2023-01-28T00:27:57.5775362+02:00</OrderShipDate>
    <OrderDeliveryDate xsi:nil="true" />
  </Order>
  <Order>
    <OrderID>1013</OrderID>
    <CustomerName>Meir Cohen</CustomerName>
    <CustomerEmail>Meir Cohen@gmail.com</CustomerEmail>
    <CustomerAdress>Hashoshana 37 Givataim</CustomerAdress>
    <OrderDate>2023-01-04T00:27:57.5775364+02:00</OrderDate>
    <OrderShipDate>2023-01-22T00:27:57.5775364+02:00</OrderShipDate>
    <OrderDeliveryDate xsi:nil="true" />
  </Order>
  <Order>
    <OrderID>1014</OrderID>
    <CustomerName>Avishai Shitrit</CustomerName>
    <CustomerEmail>Avishai Shitrit@gmail.com</CustomerEmail>
    <CustomerAdress>rabi akiva 9</CustomerAdress>
    <OrderDate>2023-01-04T00:27:57.5775366+02:00</OrderDate>
    <OrderShipDate>2023-01-21T00:27:57.5775366+02:00</OrderShipDate>
    <OrderDeliveryDate xsi:nil="true" />
  </Order>
  <Order>
    <OrderID>1015</OrderID>
    <CustomerName>Nati Levi</CustomerName>
    <CustomerEmail>Nati Levi@gmail.com</CustomerEmail>
    <CustomerAdress>hashoshana 4</CustomerAdress>
    <OrderDate>2023-01-05T00:27:57.5775369+02:00</OrderDate>
    <OrderShipDate>2023-01-24T00:27:57.5775369+02:00</OrderShipDate>
    <OrderDeliveryDate xsi:nil="true" />
  </Order>
  <Order>
    <OrderID>1016</OrderID>
    <CustomerName>ronit chaim</CustomerName>
    <CustomerEmail>ronit chaim@gmail.com</CustomerEmail>
    <CustomerAdress>rabi akiva 19</CustomerAdress>
    <OrderDate>2023-01-03T00:27:57.5775371+02:00</OrderDate>
    <OrderShipDate xsi:nil="true" />
    <OrderDeliveryDate xsi:nil="true" />
  </Order>
  <Order>
    <OrderID>1017</OrderID>
    <CustomerName>shira chaim</CustomerName>
    <CustomerEmail>shira chaim@gmail.com</CustomerEmail>
    <CustomerAdress>hashoshana 47</CustomerAdress>
    <OrderDate>2023-01-03T00:27:57.5775404+02:00</OrderDate>
    <OrderShipDate xsi:nil="true" />
    <OrderDeliveryDate xsi:nil="true" />
  </Order>
  <Order>
    <OrderID>1018</OrderID>
    <CustomerName>hadar levi</CustomerName>
    <CustomerEmail>hadar levi@gmail.com</CustomerEmail>
    <CustomerAdress>rabi akiva 99</CustomerAdress>
    <OrderDate>2023-01-03T00:27:57.5775406+02:00</OrderDate>
    <OrderShipDate xsi:nil="true" />
    <OrderDeliveryDate xsi:nil="true" />
  </Order>
  <Order>
    <OrderID>1019</OrderID>
    <CustomerName>chana refi</CustomerName>
    <CustomerEmail>chana refi@gmail.com</CustomerEmail>
    <CustomerAdress>hashoshana 40</CustomerAdress>
    <OrderDate>2023-01-03T00:27:57.5775408+02:00</OrderDate>
    <OrderShipDate xsi:nil="true" />
    <OrderDeliveryDate xsi:nil="true" />
  </Order>
</ArrayOfOrder>