<?xml version="1.0" encoding="utf-8"?>
<ArrayOfOrderItem xmlns:xsi="http://www.w3.org/2001/XMLSchema-instance" xmlns:xsd="http://www.w3.org/2001/XMLSchema">
  <OrderItem>
    <ID>1000</ID>
    <ProductID>731930</ProductID>
    <OrderID>1000</OrderID>
    <Price>210</Price>
    <Amount>2</Amount>
  </OrderItem>
  <OrderItem>
    <ID>1001</ID>
    <ProductID>599387</ProductID>
    <OrderID>1000</OrderID>
    <Price>542</Price>
    <Amount>2</Amount>
  </OrderItem>
  <OrderItem>
    <ID>1002</ID>
    <ProductID>384847</ProductID>
    <OrderID>1001</OrderID>
    <Price>224</Price>
    <Amount>2</Amount>
  </OrderItem>
  <OrderItem>
    <ID>1003</ID>
    <ProductID>384847</ProductID>
    <OrderID>1001</OrderID>
    <Price>336</Price>
    <Amount>3</Amount>
  </OrderItem>
  <OrderItem>
    <ID>1004</ID>
    <ProductID>599387</ProductID>
    <OrderID>1001</OrderID>
    <Price>542</Price>
    <Amount>2</Amount>
  </OrderItem>
  <OrderItem>
    <ID>1005</ID>
    <ProductID>955521</ProductID>
    <OrderID>1002</OrderID>
    <Price>468</Price>
    <Amount>2</Amount>
  </OrderItem>
  <OrderItem>
    <ID>1006</ID>
    <ProductID>379088</ProductID>
    <OrderID>1002</OrderID>
    <Price>107</Price>
    <Amount>1</Amount>
  </OrderItem>
  <OrderItem>
    <ID>1007</ID>
    <ProductID>955521</ProductID>
    <OrderID>1002</OrderID>
    <Price>234</Price>
    <Amount>1</Amount>
  </OrderItem>
  <OrderItem>
    <ID>1008</ID>
    <ProductID>379088</ProductID>
    <OrderID>1003</OrderID>
    <Price>321</Price>
    <Amount>3</Amount>
  </OrderItem>
  <OrderItem>
    <ID>1009</ID>
    <ProductID>899629</ProductID>
    <OrderID>1003</OrderID>
    <Price>777</Price>
    <Amount>3</Amount>
  </OrderItem>
  <OrderItem>
    <ID>1010</ID>
    <ProductID>899629</ProductID>
    <OrderID>1003</OrderID>
    <Price>777</Price>
    <Amount>3</Amount>
  </OrderItem>
  <OrderItem>
    <ID>1011</ID>
    <ProductID>955521</ProductID>
    <OrderID>1003</OrderID>
    <Price>468</Price>
    <Amount>2</Amount>
  </OrderItem>
  <OrderItem>
    <ID>1012</ID>
    <ProductID>941856</ProductID>
    <OrderID>1004</OrderID>
    <Price>250</Price>
    <Amount>1</Amount>
  </OrderItem>
  <OrderItem>
    <ID>1013</ID>
    <ProductID>384847</ProductID>
    <OrderID>1004</OrderID>
    <Price>336</Price>
    <Amount>3</Amount>
  </OrderItem>
  <OrderItem>
    <ID>1014</ID>
    <ProductID>899629</ProductID>
    <OrderID>1005</OrderID>
    <Price>518</Price>
    <Amount>2</Amount>
  </OrderItem>
  <OrderItem>
    <ID>1015</ID>
    <ProductID>430878</ProductID>
    <OrderID>1006</OrderID>
    <Price>194</Price>
    <Amount>1</Amount>
  </OrderItem>
  <OrderItem>
    <ID>1016</ID>
    <ProductID>430878</ProductID>
    <OrderID>1006</OrderID>
    <Price>194</Price>
    <Amount>1</Amount>
  </OrderItem>
  <OrderItem>
    <ID>1017</ID>
    <ProductID>656633</ProductID>
    <OrderID>1007</OrderID>
    <Price>286</Price>
    <Amount>1</Amount>
  </OrderItem>
  <OrderItem>
    <ID>1018</ID>
    <ProductID>379088</ProductID>
    <OrderID>1007</OrderID>
    <Price>107</Price>
    <Amount>1</Amount>
  </OrderItem>
  <OrderItem>
    <ID>1019</ID>
    <ProductID>731930</ProductID>
    <OrderID>1007</OrderID>
    <Price>105</Price>
    <Amount>1</Amount>
  </OrderItem>
  <OrderItem>
    <ID>1020</ID>
    <ProductID>384847</ProductID>
    <OrderID>1007</OrderID>
    <Price>336</Price>
    <Amount>3</Amount>
  </OrderItem>
  <OrderItem>
    <ID>1021</ID>
    <ProductID>570165</ProductID>
    <OrderID>1008</OrderID>
    <Price>118</Price>
    <Amount>2</Amount>
  </OrderItem>
  <OrderItem>
    <ID>1022</ID>
    <ProductID>656633</ProductID>
    <OrderID>1008</OrderID>
    <Price>858</Price>
    <Amount>3</Amount>
  </OrderItem>
  <OrderItem>
    <ID>1023</ID>
    <ProductID>430878</ProductID>
    <OrderID>1009</OrderID>
    <Price>388</Price>
    <Amount>2</Amount>
  </OrderItem>
  <OrderItem>
    <ID>1024</ID>
    <ProductID>599387</ProductID>
    <OrderID>1009</OrderID>
    <Price>271</Price>
    <Amount>1</Amount>
  </OrderItem>
  <OrderItem>
    <ID>1025</ID>
    <ProductID>384847</ProductID>
    <OrderID>1010</OrderID>
    <Price>224</Price>
    <Amount>2</Amount>
  </OrderItem>
  <OrderItem>
    <ID>1026</ID>
    <ProductID>955521</ProductID>
    <OrderID>1010</OrderID>
    <Price>234</Price>
    <Amount>1</Amount>
  </OrderItem>
  <OrderItem>
    <ID>1027</ID>
    <ProductID>379088</ProductID>
    <OrderID>1010</OrderID>
    <Price>321</Price>
    <Amount>3</Amount>
  </OrderItem>
  <OrderItem>
    <ID>1028</ID>
    <ProductID>384847</ProductID>
    <OrderID>1011</OrderID>
    <Price>224</Price>
    <Amount>2</Amount>
  </OrderItem>
  <OrderItem>
    <ID>1029</ID>
    <ProductID>430878</ProductID>
    <OrderID>1011</OrderID>
    <Price>388</Price>
    <Amount>2</Amount>
  </OrderItem>
  <OrderItem>
    <ID>1030</ID>
    <ProductID>599387</ProductID>
    <OrderID>1011</OrderID>
    <Price>813</Price>
    <Amount>3</Amount>
  </OrderItem>
  <OrderItem>
    <ID>1031</ID>
    <ProductID>570165</ProductID>
    <OrderID>1011</OrderID>
    <Price>177</Price>
    <Amount>3</Amount>
  </OrderItem>
  <OrderItem>
    <ID>1032</ID>
    <ProductID>656633</ProductID>
    <OrderID>1012</OrderID>
    <Price>572</Price>
    <Amount>2</Amount>
  </OrderItem>
  <OrderItem>
    <ID>1033</ID>
    <ProductID>384847</ProductID>
    <OrderID>1012</OrderID>
    <Price>336</Price>
    <Amount>3</Amount>
  </OrderItem>
  <OrderItem>
    <ID>1034</ID>
    <ProductID>430878</ProductID>
    <OrderID>1012</OrderID>
    <Price>194</Price>
    <Amount>1</Amount>
  </OrderItem>
  <OrderItem>
    <ID>1035</ID>
    <ProductID>731930</ProductID>
    <OrderID>1012</OrderID>
    <Price>210</Price>
    <Amount>2</Amount>
  </OrderItem>
  <OrderItem>
    <ID>1036</ID>
    <ProductID>384847</ProductID>
    <OrderID>1013</OrderID>
    <Price>336</Price>
    <Amount>3</Amount>
  </OrderItem>
  <OrderItem>
    <ID>1037</ID>
    <ProductID>570165</ProductID>
    <OrderID>1013</OrderID>
    <Price>59</Price>
    <Amount>1</Amount>
  </OrderItem>
  <OrderItem>
    <ID>1038</ID>
    <ProductID>941856</ProductID>
    <OrderID>1013</OrderID>
    <Price>500</Price>
    <Amount>2</Amount>
  </OrderItem>
  <OrderItem>
    <ID>1039</ID>
    <ProductID>379088</ProductID>
    <OrderID>1014</OrderID>
    <Price>321</Price>
    <Amount>3</Amount>
  </OrderItem>
  <OrderItem>
    <ID>1040</ID>
    <ProductID>570165</ProductID>
    <OrderID>1015</OrderID>
    <Price>59</Price>
    <Amount>1</Amount>
  </OrderItem>
  <OrderItem>
    <ID>1041</ID>
    <ProductID>941856</ProductID>
    <OrderID>1015</OrderID>
    <Price>250</Price>
    <Amount>1</Amount>
  </OrderItem>
  <OrderItem>
    <ID>1042</ID>
    <ProductID>430878</ProductID>
    <OrderID>1015</OrderID>
    <Price>388</Price>
    <Amount>2</Amount>
  </OrderItem>
  <OrderItem>
    <ID>1043</ID>
    <ProductID>731930</ProductID>
    <OrderID>1016</OrderID>
    <Price>105</Price>
    <Amount>1</Amount>
  </OrderItem>
  <OrderItem>
    <ID>1044</ID>
    <ProductID>430878</ProductID>
    <OrderID>1016</OrderID>
    <Price>582</Price>
    <Amount>3</Amount>
  </OrderItem>
  <OrderItem>
    <ID>1045</ID>
    <ProductID>570165</ProductID>
    <OrderID>1016</OrderID>
    <Price>118</Price>
    <Amount>2</Amount>
  </OrderItem>
  <OrderItem>
    <ID>1046</ID>
    <ProductID>899629</ProductID>
    <OrderID>1016</OrderID>
    <Price>259</Price>
    <Amount>1</Amount>
  </OrderItem>
  <OrderItem>
    <ID>1047</ID>
    <ProductID>379088</ProductID>
    <OrderID>1017</OrderID>
    <Price>107</Price>
    <Amount>1</Amount>
  </OrderItem>
  <OrderItem>
    <ID>1048</ID>
    <ProductID>384847</ProductID>
    <OrderID>1017</OrderID>
    <Price>112</Price>
    <Amount>1</Amount>
  </OrderItem>
  <OrderItem>
    <ID>1049</ID>
    <ProductID>731930</ProductID>
    <OrderID>1017</OrderID>
    <Price>315</Price>
    <Amount>3</Amount>
  </OrderItem>
  <OrderItem>
    <ID>1050</ID>
    <ProductID>955521</ProductID>
    <OrderID>1018</OrderID>
    <Price>234</Price>
    <Amount>1</Amount>
  </OrderItem>
  <OrderItem>
    <ID>1051</ID>
    <ProductID>731930</ProductID>
    <OrderID>1018</OrderID>
    <Price>315</Price>
    <Amount>3</Amount>
  </OrderItem>
  <OrderItem>
    <ID>1052</ID>
    <ProductID>599387</ProductID>
    <OrderID>1018</OrderID>
    <Price>271</Price>
    <Amount>1</Amount>
  </OrderItem>
  <OrderItem>
    <ID>1053</ID>
    <ProductID>379088</ProductID>
    <OrderID>1019</OrderID>
    <Price>321</Price>
    <Amount>3</Amount>
  </OrderItem>
  <OrderItem>
    <ID>1054</ID>
    <ProductID>731930</ProductID>
    <OrderID>1019</OrderID>
    <Price>315</Price>
    <Amount>3</Amount>
  </OrderItem>
  <OrderItem>
    <ID>1055</ID>
    <ProductID>379088</ProductID>
    <OrderID>1019</OrderID>
    <Price>214</Price>
    <Amount>2</Amount>
  </OrderItem>
</ArrayOfOrderItem>