<?xml version="1.0" encoding="utf-8"?>
<ArrayOfProduct xmlns:xsi="http://www.w3.org/2001/XMLSchema-instance" xmlns:xsd="http://www.w3.org/2001/XMLSchema">
  <Product>
    <ID>656633</ID>
    <Name>meri</Name>
    <Price>286</Price>
    <Category>Dresses</Category>
    <inStock>0</inStock>
  </Product>
  <Product>
    <ID>955521</ID>
    <Name>lihi</Name>
    <Price>234</Price>
    <Category>Dresses</Category>
    <inStock>5</inStock>
  </Product>
  <Product>
    <ID>941856</ID>
    <Name>yellowJacket</Name>
    <Price>250</Price>
    <Category>jackets</Category>
    <inStock>10</inStock>
  </Product>
  <Product>
    <ID>379088</ID>
    <Name>blueJacket</Name>
    <Price>107</Price>
    <Category>jackets</Category>
    <inStock>15</inStock>
  </Product>
  <Product>
    <ID>599387</ID>
    <Name>StripedShirt</Name>
    <Price>271</Price>
    <Category>Shirts</Category>
    <inStock>20</inStock>
  </Product>
  <Product>
    <ID>731930</ID>
    <Name>WhiteShirt</Name>
    <Price>105</Price>
    <Category>Shirts</Category>
    <inStock>25</inStock>
  </Product>
  <Product>
    <ID>384847</ID>
    <Name>jeans</Name>
    <Price>112</Price>
    <Category>pants</Category>
    <inStock>30</inStock>
  </Product>
  <Product>
    <ID>570165</ID>
    <Name>Shorts</Name>
    <Price>59</Price>
    <Category>pants</Category>
    <inStock>35</inStock>
  </Product>
  <Product>
    <ID>899629</ID>
    <Name>ElegantPpants</Name>
    <Price>259</Price>
    <Category>pants</Category>
    <inStock>40</inStock>
  </Product>
  <Product>
    <ID>430878</ID>
    <Name>ClassicPants</Name>
    <Price>194</Price>
    <Category>pants</Category>
    <inStock>45</inStock>
  </Product>
</ArrayOfProduct>